FlightID,Airline,Origin,Destination,RouteDistance,ScheduledDeparture,ActualDeparture,ScheduledArrival,ActualArrival,DelayMinutes,Cancelled,FuelUsedGallons,FlightDurationMinutes,Passengers
FL0011,BlueJet,JFK,LAX,2475,2026-05-23 08:00:00,2026-05-23 08:20:00,2026-05-23 12:51:00,2026-05-23 13:16:00,20,False,12188.9,296,154
FL0012,CloudFlight,JFK,LAX,2475,2026-05-23 11:00:00,2026-05-23 11:09:00,2026-05-23 15:51:00,2026-05-23 16:20:00,9,False,11920.8,311,81
FL0013,AvaAir,JFK,LAX,2475,2026-05-23 14:00:00,2026-05-23 14:00:00,2026-05-23 18:51:00,2026-05-23 18:56:00,16,True,12482.4,296,101
FL0021,AvaAir,JFK,ORD,740,2026-05-23 08:00:00,2026-05-23 08:00:00,2026-05-23 09:27:00,2026-05-23 09:36:00,14,True,3862.7,96,94
FL0022,EliteWings,JFK,ORD,740,2026-05-23 11:00:00,2026-05-23 11:38:00,2026-05-23 12:27:00,2026-05-23 12:52:00,38,False,3911.7,74,100
FL0023,DeltaSky,JFK,ORD,740,2026-05-23 14:00:00,2026-05-23 14:07:00,2026-05-23 15:27:00,2026-05-23 15:36:00,7,False,4109.8,89,93
FL0031,DeltaSky,ATL,DFW,732,2026-05-23 08:00:00,2026-05-23 08:01:00,2026-05-23 09:26:00,2026-05-23 09:31:00,1,False,3771.4,90,87
FL0032,AvaAir,ATL,DFW,732,2026-05-23 11:00:00,2026-05-23 11:00:00,2026-05-23 12:26:00,2026-05-23 12:24:00,29,True,3665.1,84,183
FL0033,EliteWings,ATL,DFW,732,2026-05-23 14:00:00,2026-05-23 14:03:00,2026-05-23 15:26:00,2026-05-23 15:17:00,3,False,4081.4,74,123
FL0041,DeltaSky,LAX,ORD,1744,2026-05-23 08:00:00,2026-05-23 08:39:00,2026-05-23 11:25:00,2026-05-23 12:24:00,39,False,8434.3,225,119
FL0042,BlueJet,LAX,ORD,1744,2026-05-23 11:00:00,2026-05-23 11:20:00,2026-05-23 14:25:00,2026-05-23 14:53:00,20,False,9717.9,213,203
FL0043,EliteWings,LAX,ORD,1744,2026-05-23 14:00:00,2026-05-23 14:23:00,2026-05-23 17:25:00,2026-05-23 18:01:00,23,False,8475.2,218,150
FL0051,CloudFlight,ORD,ATL,606,2026-05-23 08:00:00,2026-05-23 07:50:00,2026-05-23 09:11:00,2026-05-23 08:56:00,0,False,3251.5,66,112
FL0052,BlueJet,ORD,ATL,606,2026-05-23 11:00:00,2026-05-23 10:50:00,2026-05-23 12:11:00,2026-05-23 12:27:00,0,False,2965.0,97,151
FL0053,EliteWings,ORD,ATL,606,2026-05-23 14:00:00,2026-05-23 13:56:00,2026-05-23 15:11:00,2026-05-23 15:15:00,0,False,3262.5,79,183
FL0111,BlueJet,JFK,LAX,2475,2026-05-24 08:00:00,2026-05-24 08:09:00,2026-05-24 12:51:00,2026-05-24 12:55:00,9,False,12121.7,286,208
FL0112,CloudFlight,JFK,LAX,2475,2026-05-24 11:00:00,2026-05-24 11:04:00,2026-05-24 15:51:00,2026-05-24 16:20:00,4,False,11893.8,316,141
FL0113,DeltaSky,JFK,LAX,2475,2026-05-24 14:00:00,2026-05-24 13:50:00,2026-05-24 18:51:00,2026-05-24 19:07:00,0,False,12363.4,317,138
FL0121,BlueJet,JFK,ORD,740,2026-05-24 08:00:00,2026-05-24 08:15:00,2026-05-24 09:27:00,2026-05-24 09:38:00,15,False,3973.7,83,180
FL0122,CloudFlight,JFK,ORD,740,2026-05-24 11:00:00,2026-05-24 10:50:00,2026-05-24 12:27:00,2026-05-24 12:18:00,0,False,3912.9,88,209
FL0123,CloudFlight,JFK,ORD,740,2026-05-24 14:00:00,2026-05-24 14:04:00,2026-05-24 15:27:00,2026-05-24 15:16:00,4,False,3955.0,72,132
FL0131,DeltaSky,ATL,DFW,732,2026-05-24 08:00:00,2026-05-24 08:10:00,2026-05-24 09:26:00,2026-05-24 09:52:00,10,False,3560.9,102,202
FL0132,CloudFlight,ATL,DFW,732,2026-05-24 11:00:00,2026-05-24 11:25:00,2026-05-24 12:26:00,2026-05-24 13:09:00,25,False,3991.7,104,176
FL0133,EliteWings,ATL,DFW,732,2026-05-24 14:00:00,2026-05-24 14:00:00,2026-05-24 15:26:00,2026-05-24 15:16:00,0,False,4016.3,76,169
FL0141,AvaAir,LAX,ORD,1744,2026-05-24 08:00:00,2026-05-24 07:50:00,2026-05-24 11:25:00,2026-05-24 11:40:00,0,False,8925.9,230,118
FL0142,CloudFlight,LAX,ORD,1744,2026-05-24 11:00:00,2026-05-24 11:13:00,2026-05-24 14:25:00,2026-05-24 14:23:00,13,False,8847.1,190,121
FL0143,AvaAir,LAX,ORD,1744,2026-05-24 14:00:00,2026-05-24 14:26:00,2026-05-24 17:25:00,2026-05-24 17:37:00,26,False,8501.1,191,116
FL0151,AvaAir,ORD,ATL,606,2026-05-24 08:00:00,2026-05-24 07:50:00,2026-05-24 09:11:00,2026-05-24 08:54:00,0,False,3078.1,64,127
FL0152,DeltaSky,ORD,ATL,606,2026-05-24 11:00:00,2026-05-24 11:13:00,2026-05-24 12:11:00,2026-05-24 12:41:00,13,False,2949.6,88,183
FL0153,AvaAir,ORD,ATL,606,2026-05-24 14:00:00,2026-05-24 14:13:00,2026-05-24 15:11:00,2026-05-24 15:43:00,13,False,3230.5,90,172
FL0211,EliteWings,JFK,LAX,2475,2026-05-25 08:00:00,2026-05-25 08:00:00,2026-05-25 12:51:00,2026-05-25 12:59:00,7,True,12727.8,299,174
FL0212,DeltaSky,JFK,LAX,2475,2026-05-25 11:00:00,2026-05-25 11:24:00,2026-05-25 15:51:00,2026-05-25 16:32:00,24,False,12463.0,308,146
FL0213,BlueJet,JFK,LAX,2475,2026-05-25 14:00:00,2026-05-25 14:15:00,2026-05-25 18:51:00,2026-05-25 18:53:00,15,False,13097.7,278,165
FL0221,BlueJet,JFK,ORD,740,2026-05-25 08:00:00,2026-05-25 07:50:00,2026-05-25 09:27:00,2026-05-25 09:28:00,0,False,4071.4,98,96
FL0222,CloudFlight,JFK,ORD,740,2026-05-25 11:00:00,2026-05-25 11:20:00,2026-05-25 12:27:00,2026-05-25 12:57:00,20,False,3703.7,97,92
FL0223,AvaAir,JFK,ORD,740,2026-05-25 14:00:00,2026-05-25 14:44:00,2026-05-25 15:27:00,2026-05-25 16:02:00,44,False,3923.7,78,99
FL0231,CloudFlight,ATL,DFW,732,2026-05-25 08:00:00,2026-05-25 08:35:00,2026-05-25 09:26:00,2026-05-25 09:57:00,35,False,3711.5,82,171
FL0232,CloudFlight,ATL,DFW,732,2026-05-25 11:00:00,2026-05-25 11:29:00,2026-05-25 12:26:00,2026-05-25 13:11:00,29,False,3786.3,102,142
FL0233,CloudFlight,ATL,DFW,732,2026-05-25 14:00:00,2026-05-25 14:00:00,2026-05-25 15:26:00,2026-05-25 15:25:00,4,True,3588.0,85,87
FL0241,DeltaSky,LAX,ORD,1744,2026-05-25 08:00:00,2026-05-25 08:22:00,2026-05-25 11:25:00,2026-05-25 12:15:00,22,False,9240.3,233,85
FL0242,DeltaSky,LAX,ORD,1744,2026-05-25 11:00:00,2026-05-25 11:12:00,2026-05-25 14:25:00,2026-05-25 15:01:00,12,False,8556.4,229,193
FL0243,CloudFlight,LAX,ORD,1744,2026-05-25 14:00:00,2026-05-25 14:00:00,2026-05-25 17:25:00,2026-05-25 17:39:00,0,False,9480.6,219,142
FL0251,EliteWings,ORD,ATL,606,2026-05-25 08:00:00,2026-05-25 08:40:00,2026-05-25 09:11:00,2026-05-25 10:01:00,40,False,2948.0,81,206
FL0252,BlueJet,ORD,ATL,606,2026-05-25 11:00:00,2026-05-25 11:04:00,2026-05-25 12:11:00,2026-05-25 12:00:00,4,False,3352.5,56,113
FL0253,EliteWings,ORD,ATL,606,2026-05-25 14:00:00,2026-05-25 14:06:00,2026-05-25 15:11:00,2026-05-25 15:46:00,6,False,3218.2,100,148
FL0311,AvaAir,JFK,LAX,2475,2026-05-26 08:00:00,2026-05-26 08:08:00,2026-05-26 12:51:00,2026-05-26 13:16:00,8,False,13486.2,308,180
FL0312,DeltaSky,JFK,LAX,2475,2026-05-26 11:00:00,2026-05-26 11:32:00,2026-05-26 15:51:00,2026-05-26 16:50:00,32,False,12422.4,318,91
FL0313,EliteWings,JFK,LAX,2475,2026-05-26 14:00:00,2026-05-26 14:20:00,2026-05-26 18:51:00,2026-05-26 18:57:00,20,False,12067.0,277,114
FL0321,BlueJet,JFK,ORD,740,2026-05-26 08:00:00,2026-05-26 08:34:00,2026-05-26 09:27:00,2026-05-26 09:55:00,34,False,3753.6,81,194
FL0322,BlueJet,JFK,ORD,740,2026-05-26 11:00:00,2026-05-26 10:50:00,2026-05-26 12:27:00,2026-05-26 12:05:00,0,False,3964.5,75,154
FL0323,BlueJet,JFK,ORD,740,2026-05-26 14:00:00,2026-05-26 14:18:00,2026-05-26 15:27:00,2026-05-26 16:05:00,18,False,3802.7,107,178
FL0331,AvaAir,ATL,DFW,732,2026-05-26 08:00:00,2026-05-26 08:22:00,2026-05-26 09:26:00,2026-05-26 09:50:00,22,False,3968.3,88,116
FL0332,AvaAir,ATL,DFW,732,2026-05-26 11:00:00,2026-05-26 11:25:00,2026-05-26 12:26:00,2026-05-26 13:10:00,25,False,3734.8,105,192
FL0333,EliteWings,ATL,DFW,732,2026-05-26 14:00:00,2026-05-26 13:52:00,2026-05-26 15:26:00,2026-05-26 15:27:00,0,False,4038.0,95,179
FL0341,BlueJet,LAX,ORD,1744,2026-05-26 08:00:00,2026-05-26 08:07:00,2026-05-26 11:25:00,2026-05-26 11:35:00,7,False,9252.7,208,196
FL0342,AvaAir,LAX,ORD,1744,2026-05-26 11:00:00,2026-05-26 11:00:00,2026-05-26 14:25:00,2026-05-26 14:21:00,0,False,9143.7,201,132
FL0343,BlueJet,LAX,ORD,1744,2026-05-26 14:00:00,2026-05-26 14:23:00,2026-05-26 17:25:00,2026-05-26 18:14:00,23,False,8451.5,231,201
FL0351,EliteWings,ORD,ATL,606,2026-05-26 08:00:00,2026-05-26 08:23:00,2026-05-26 09:11:00,2026-05-26 09:41:00,23,False,3078.9,78,155
FL0352,EliteWings,ORD,ATL,606,2026-05-26 11:00:00,2026-05-26 11:28:00,2026-05-26 12:11:00,2026-05-26 13:01:00,28,False,3016.7,93,106
FL0353,EliteWings,ORD,ATL,606,2026-05-26 14:00:00,2026-05-26 14:20:00,2026-05-26 15:11:00,2026-05-26 15:20:00,20,False,2949.9,60,162
FL0411,CloudFlight,JFK,LAX,2475,2026-05-27 08:00:00,2026-05-27 08:16:00,2026-05-27 12:51:00,2026-05-27 13:26:00,16,False,13799.2,310,126
FL0412,AvaAir,JFK,LAX,2475,2026-05-27 11:00:00,2026-05-27 11:12:00,2026-05-27 15:51:00,2026-05-27 16:01:00,12,False,13122.6,289,197
FL0413,DeltaSky,JFK,LAX,2475,2026-05-27 14:00:00,2026-05-27 14:37:00,2026-05-27 18:51:00,2026-05-27 19:22:00,37,False,12091.4,285,196
FL0421,DeltaSky,JFK,ORD,740,2026-05-27 08:00:00,2026-05-27 08:00:00,2026-05-27 09:27:00,2026-05-27 09:39:00,0,False,3826.5,99,139
FL0422,AvaAir,JFK,ORD,740,2026-05-27 11:00:00,2026-05-27 10:59:00,2026-05-27 12:27:00,2026-05-27 12:37:00,0,False,3717.6,98,125
FL0423,BlueJet,JFK,ORD,740,2026-05-27 14:00:00,2026-05-27 14:14:00,2026-05-27 15:27:00,2026-05-27 15:31:00,14,False,3798.7,77,126
FL0431,AvaAir,ATL,DFW,732,2026-05-27 08:00:00,2026-05-27 08:14:00,2026-05-27 09:26:00,2026-05-27 09:57:00,14,False,3794.9,103,90
FL0432,CloudFlight,ATL,DFW,732,2026-05-27 11:00:00,2026-05-27 11:30:00,2026-05-27 12:26:00,2026-05-27 13:05:00,30,False,4006.7,95,177
FL0433,EliteWings,ATL,DFW,732,2026-05-27 14:00:00,2026-05-27 14:18:00,2026-05-27 15:26:00,2026-05-27 15:31:00,18,False,3856.3,73,132
FL0441,CloudFlight,LAX,ORD,1744,2026-05-27 08:00:00,2026-05-27 08:46:00,2026-05-27 11:25:00,2026-05-27 12:05:00,46,False,8716.3,199,157
FL0442,AvaAir,LAX,ORD,1744,2026-05-27 11:00:00,2026-05-27 11:00:00,2026-05-27 14:25:00,2026-05-27 14:13:00,0,False,9308.4,193,111
FL0443,BlueJet,LAX,ORD,1744,2026-05-27 14:00:00,2026-05-27 14:00:00,2026-05-27 17:25:00,2026-05-27 17:40:00,0,True,9066.2,220,197
FL0451,EliteWings,ORD,ATL,606,2026-05-27 08:00:00,2026-05-27 08:02:00,2026-05-27 09:11:00,2026-05-27 09:41:00,2,False,2951.7,99,136
FL0452,EliteWings,ORD,ATL,606,2026-05-27 11:00:00,2026-05-27 11:28:00,2026-05-27 12:11:00,2026-05-27 12:46:00,28,False,3209.5,78,145
FL0453,CloudFlight,ORD,ATL,606,2026-05-27 14:00:00,2026-05-27 14:15:00,2026-05-27 15:11:00,2026-05-27 15:28:00,15,False,2952.9,73,131
FL0511,BlueJet,JFK,LAX,2475,2026-05-28 08:00:00,2026-05-28 08:00:00,2026-05-28 12:51:00,2026-05-28 12:40:00,12,True,12431.6,280,140
FL0512,BlueJet,JFK,LAX,2475,2026-05-28 11:00:00,2026-05-28 11:12:00,2026-05-28 15:51:00,2026-05-28 15:59:00,12,False,13650.6,287,157
FL0513,AvaAir,JFK,LAX,2475,2026-05-28 14:00:00,2026-05-28 14:03:00,2026-05-28 18:51:00,2026-05-28 19:05:00,3,False,12062.7,302,126
FL0521,BlueJet,JFK,ORD,740,2026-05-28 08:00:00,2026-05-28 08:00:00,2026-05-28 09:27:00,2026-05-28 09:28:00,0,False,4066.0,88,87
FL0522,BlueJet,JFK,ORD,740,2026-05-28 11:00:00,2026-05-28 11:15:00,2026-05-28 12:27:00,2026-05-28 12:41:00,15,False,4001.9,86,157
FL0523,CloudFlight,JFK,ORD,740,2026-05-28 14:00:00,2026-05-28 14:00:00,2026-05-28 15:27:00,2026-05-28 15:18:00,41,True,4082.0,78,186
FL0531,BlueJet,ATL,DFW,732,2026-05-28 08:00:00,2026-05-28 08:07:00,2026-05-28 09:26:00,2026-05-28 10:02:00,7,False,3775.6,115,194
FL0532,AvaAir,ATL,DFW,732,2026-05-28 11:00:00,2026-05-28 10:58:00,2026-05-28 12:26:00,2026-05-28 12:18:00,0,False,4005.9,80,165
FL0533,AvaAir,ATL,DFW,732,2026-05-28 14:00:00,2026-05-28 13:56:00,2026-05-28 15:26:00,2026-05-28 15:50:00,0,False,4035.1,114,104
FL0541,BlueJet,LAX,ORD,1744,2026-05-28 08:00:00,2026-05-28 08:30:00,2026-05-28 11:25:00,2026-05-28 12:15:00,30,False,9149.4,225,192
FL0542,AvaAir,LAX,ORD,1744,2026-05-28 11:00:00,2026-05-28 11:23:00,2026-05-28 14:25:00,2026-05-28 15:14:00,23,False,8842.0,231,105
FL0543,EliteWings,LAX,ORD,1744,2026-05-28 14:00:00,2026-05-28 13:50:00,2026-05-28 17:25:00,2026-05-28 17:05:00,0,False,9673.9,195,100
FL0551,CloudFlight,ORD,ATL,606,2026-05-28 08:00:00,2026-05-28 08:22:00,2026-05-28 09:11:00,2026-05-28 09:21:00,22,False,2951.4,59,173
FL0552,BlueJet,ORD,ATL,606,2026-05-28 11:00:00,2026-05-28 11:12:00,2026-05-28 12:11:00,2026-05-28 12:43:00,12,False,3188.0,91,154
FL0553,AvaAir,ORD,ATL,606,2026-05-28 14:00:00,2026-05-28 13:58:00,2026-05-28 15:11:00,2026-05-28 14:59:00,0,False,3146.7,61,141
FL0611,CloudFlight,JFK,LAX,2475,2026-05-29 08:00:00,2026-05-29 08:18:00,2026-05-29 12:51:00,2026-05-29 13:05:00,18,False,12011.7,287,119
FL0612,CloudFlight,JFK,LAX,2475,2026-05-29 11:00:00,2026-05-29 11:01:00,2026-05-29 15:51:00,2026-05-29 16:05:00,1,False,13454.6,304,93
FL0613,CloudFlight,JFK,LAX,2475,2026-05-29 14:00:00,2026-05-29 14:21:00,2026-05-29 18:51:00,2026-05-29 19:15:00,21,False,13134.8,294,141
FL0621,BlueJet,JFK,ORD,740,2026-05-29 08:00:00,2026-05-29 08:20:00,2026-05-29 09:27:00,2026-05-29 10:16:00,20,False,3784.3,116,119
FL0622,AvaAir,JFK,ORD,740,2026-05-29 11:00:00,2026-05-29 11:43:00,2026-05-29 12:27:00,2026-05-29 13:32:00,43,False,3994.6,109,132
FL0623,CloudFlight,JFK,ORD,740,2026-05-29 14:00:00,2026-05-29 14:04:00,2026-05-29 15:27:00,2026-05-29 15:54:00,4,False,3807.5,110,146
FL0631,EliteWings,ATL,DFW,732,2026-05-29 08:00:00,2026-05-29 07:50:00,2026-05-29 09:26:00,2026-05-29 09:15:00,0,False,3803.7,85,117
FL0632,CloudFlight,ATL,DFW,732,2026-05-29 11:00:00,2026-05-29 11:32:00,2026-05-29 12:26:00,2026-05-29 13:19:00,32,False,3949.3,107,165
FL0633,EliteWings,ATL,DFW,732,2026-05-29 14:00:00,2026-05-29 14:11:00,2026-05-29 15:26:00,2026-05-29 15:59:00,11,False,3578.4,108,188
FL0641,EliteWings,LAX,ORD,1744,2026-05-29 08:00:00,2026-05-29 08:45:00,2026-05-29 11:25:00,2026-05-29 12:09:00,45,False,9124.4,204,126
FL0642,DeltaSky,LAX,ORD,1744,2026-05-29 11:00:00,2026-05-29 11:00:00,2026-05-29 14:25:00,2026-05-29 14:45:00,37,True,9370.4,225,106
FL0643,BlueJet,LAX,ORD,1744,2026-05-29 14:00:00,2026-05-29 14:03:00,2026-05-29 17:25:00,2026-05-29 17:23:00,3,False,8849.1,200,102
FL0651,BlueJet,ORD,ATL,606,2026-05-29 08:00:00,2026-05-29 08:23:00,2026-05-29 09:11:00,2026-05-29 09:31:00,23,False,3205.2,68,190
FL0652,DeltaSky,ORD,ATL,606,2026-05-29 11:00:00,2026-05-29 11:10:00,2026-05-29 12:11:00,2026-05-29 12:48:00,10,False,2958.4,98,147
FL0653,CloudFlight,ORD,ATL,606,2026-05-29 14:00:00,2026-05-29 14:33:00,2026-05-29 15:11:00,2026-05-29 15:37:00,33,False,3265.8,64,119
FL0711,BlueJet,JFK,LAX,2475,2026-05-30 08:00:00,2026-05-30 08:24:00,2026-05-30 12:51:00,2026-05-30 13:21:00,24,False,11905.9,297,128
FL0712,AvaAir,JFK,LAX,2475,2026-05-30 11:00:00,2026-05-30 11:07:00,2026-05-30 15:51:00,2026-05-30 16:22:00,7,False,12473.2,315,202
FL0713,EliteWings,JFK,LAX,2475,2026-05-30 14:00:00,2026-05-30 13:53:00,2026-05-30 18:51:00,2026-05-30 19:00:00,0,False,13117.5,307,109
FL0721,DeltaSky,JFK,ORD,740,2026-05-30 08:00:00,2026-05-30 08:17:00,2026-05-30 09:27:00,2026-05-30 09:30:00,17,False,3836.8,73,142
FL0722,EliteWings,JFK,ORD,740,2026-05-30 11:00:00,2026-05-30 11:32:00,2026-05-30 12:27:00,2026-05-30 12:51:00,32,False,3596.7,79,111
FL0723,DeltaSky,JFK,ORD,740,2026-05-30 14:00:00,2026-05-30 14:21:00,2026-05-30 15:27:00,2026-05-30 16:05:00,21,False,4049.2,104,172
FL0731,CloudFlight,ATL,DFW,732,2026-05-30 08:00:00,2026-05-30 08:06:00,2026-05-30 09:26:00,2026-05-30 09:19:00,6,False,3809.6,73,151
FL0732,DeltaSky,ATL,DFW,732,2026-05-30 11:00:00,2026-05-30 11:13:00,2026-05-30 12:26:00,2026-05-30 12:56:00,13,False,3653.1,103,114
FL0733,CloudFlight,ATL,DFW,732,2026-05-30 14:00:00,2026-05-30 14:09:00,2026-05-30 15:26:00,2026-05-30 15:33:00,9,False,4077.3,84,134
FL0741,DeltaSky,LAX,ORD,1744,2026-05-30 08:00:00,2026-05-30 07:50:00,2026-05-30 11:25:00,2026-05-30 11:04:00,0,False,8839.8,194,209
FL0742,DeltaSky,LAX,ORD,1744,2026-05-30 11:00:00,2026-05-30 11:43:00,2026-05-30 14:25:00,2026-05-30 15:04:00,43,False,9242.0,201,132
FL0743,AvaAir,LAX,ORD,1744,2026-05-30 14:00:00,2026-05-30 14:15:00,2026-05-30 17:25:00,2026-05-30 17:48:00,15,False,9582.9,213,199
FL0751,AvaAir,ORD,ATL,606,2026-05-30 08:00:00,2026-05-30 08:10:00,2026-05-30 09:11:00,2026-05-30 09:28:00,10,False,3143.8,78,93
FL0752,CloudFlight,ORD,ATL,606,2026-05-30 11:00:00,2026-05-30 11:27:00,2026-05-30 12:11:00,2026-05-30 12:31:00,27,False,3113.2,64,108
FL0753,EliteWings,ORD,ATL,606,2026-05-30 14:00:00,2026-05-30 14:31:00,2026-05-30 15:11:00,2026-05-30 15:49:00,31,False,2917.7,78,207
FL0811,BlueJet,JFK,LAX,2475,2026-05-31 08:00:00,2026-05-31 08:21:00,2026-05-31 12:51:00,2026-05-31 13:29:00,21,False,11941.7,308,160
FL0812,CloudFlight,JFK,LAX,2475,2026-05-31 11:00:00,2026-05-31 11:09:00,2026-05-31 15:51:00,2026-05-31 16:29:00,9,False,12541.8,320,152
FL0813,BlueJet,JFK,LAX,2475,2026-05-31 14:00:00,2026-05-31 14:15:00,2026-05-31 18:51:00,2026-05-31 19:33:00,15,False,12790.2,318,114
FL0821,DeltaSky,JFK,ORD,740,2026-05-31 08:00:00,2026-05-31 08:05:00,2026-05-31 09:27:00,2026-05-31 09:53:00,5,False,3963.3,108,181
FL0822,BlueJet,JFK,ORD,740,2026-05-31 11:00:00,2026-05-31 10:50:00,2026-05-31 12:27:00,2026-05-31 12:18:00,0,False,3960.8,88,126
FL0823,CloudFlight,JFK,ORD,740,2026-05-31 14:00:00,2026-05-31 14:32:00,2026-05-31 15:27:00,2026-05-31 15:59:00,32,False,3985.5,87,160
FL0831,BlueJet,ATL,DFW,732,2026-05-31 08:00:00,2026-05-31 08:35:00,2026-05-31 09:26:00,2026-05-31 10:10:00,35,False,3800.2,95,138
FL0832,BlueJet,ATL,DFW,732,2026-05-31 11:00:00,2026-05-31 11:31:00,2026-05-31 12:26:00,2026-05-31 13:26:00,31,False,3536.7,115,89
FL0833,EliteWings,ATL,DFW,732,2026-05-31 14:00:00,2026-05-31 13:50:00,2026-05-31 15:26:00,2026-05-31 15:15:00,0,False,3941.7,85,194
FL0841,EliteWings,LAX,ORD,1744,2026-05-31 08:00:00,2026-05-31 08:58:00,2026-05-31 11:25:00,2026-05-31 12:30:00,58,False,9032.8,212,195
FL0842,CloudFlight,LAX,ORD,1744,2026-05-31 11:00:00,2026-05-31 11:03:00,2026-05-31 14:25:00,2026-05-31 14:29:00,3,False,9153.5,206,124
FL0843,CloudFlight,LAX,ORD,1744,2026-05-31 14:00:00,2026-05-31 14:27:00,2026-05-31 17:25:00,2026-05-31 18:13:00,27,False,8845.4,226,187
FL0851,AvaAir,ORD,ATL,606,2026-05-31 08:00:00,2026-05-31 08:36:00,2026-05-31 09:11:00,2026-05-31 09:53:00,36,False,3266.5,77,95
FL0852,BlueJet,ORD,ATL,606,2026-05-31 11:00:00,2026-05-31 11:17:00,2026-05-31 12:11:00,2026-05-31 12:56:00,17,False,2920.6,99,113
FL0853,DeltaSky,ORD,ATL,606,2026-05-31 14:00:00,2026-05-31 14:24:00,2026-05-31 15:11:00,2026-05-31 15:58:00,24,False,2934.3,94,141
FL0911,EliteWings,JFK,LAX,2475,2026-06-01 08:00:00,2026-06-01 08:12:00,2026-06-01 12:51:00,2026-06-01 13:07:00,12,False,13166.3,295,196
FL0912,EliteWings,JFK,LAX,2475,2026-06-01 11:00:00,2026-06-01 11:00:00,2026-06-01 15:51:00,2026-06-01 15:38:00,9,True,11994.5,278,126
FL0913,CloudFlight,JFK,LAX,2475,2026-06-01 14:00:00,2026-06-01 14:02:00,2026-06-01 18:51:00,2026-06-01 18:46:00,2,False,13062.6,284,140
FL0921,CloudFlight,JFK,ORD,740,2026-06-01 08:00:00,2026-06-01 08:13:00,2026-06-01 09:27:00,2026-06-01 09:41:00,13,False,4035.0,88,92
FL0922,AvaAir,JFK,ORD,740,2026-06-01 11:00:00,2026-06-01 10:50:00,2026-06-01 12:27:00,2026-06-01 12:26:00,0,False,4081.8,96,180
FL0923,BlueJet,JFK,ORD,740,2026-06-01 14:00:00,2026-06-01 14:00:00,2026-06-01 15:27:00,2026-06-01 15:36:00,0,False,4062.4,96,88
FL0931,EliteWings,ATL,DFW,732,2026-06-01 08:00:00,2026-06-01 08:05:00,2026-06-01 09:26:00,2026-06-01 09:40:00,5,False,3944.1,95,203
FL0932,BlueJet,ATL,DFW,732,2026-06-01 11:00:00,2026-06-01 10:50:00,2026-06-01 12:26:00,2026-06-01 12:26:00,0,False,3561.1,96,139
FL0933,EliteWings,ATL,DFW,732,2026-06-01 14:00:00,2026-06-01 13:59:00,2026-06-01 15:26:00,2026-06-01 15:37:00,0,False,4094.2,98,193
FL0941,BlueJet,LAX,ORD,1744,2026-06-01 08:00:00,2026-06-01 07:50:00,2026-06-01 11:25:00,2026-06-01 11:02:00,0,False,9129.9,192,112
FL0942,DeltaSky,LAX,ORD,1744,2026-06-01 11:00:00,2026-06-01 10:57:00,2026-06-01 14:25:00,2026-06-01 14:25:00,0,False,9557.9,208,138
FL0943,DeltaSky,LAX,ORD,1744,2026-06-01 14:00:00,2026-06-01 14:03:00,2026-06-01 17:25:00,2026-06-01 17:54:00,3,False,9234.3,231,86
FL0951,BlueJet,ORD,ATL,606,2026-06-01 08:00:00,2026-06-01 07:55:00,2026-06-01 09:11:00,2026-06-01 09:35:00,0,False,3134.5,100,110
FL0952,BlueJet,ORD,ATL,606,2026-06-01 11:00:00,2026-06-01 11:08:00,2026-06-01 12:11:00,2026-06-01 12:33:00,8,False,3305.4,85,156
FL0953,BlueJet,ORD,ATL,606,2026-06-01 14:00:00,2026-06-01 14:14:00,2026-06-01 15:11:00,2026-06-01 15:48:00,14,False,3048.0,94,125
FL1011,BlueJet,JFK,LAX,2475,2026-06-02 08:00:00,2026-06-02 08:40:00,2026-06-02 12:51:00,2026-06-02 13:41:00,40,False,12421.8,301,108
FL1012,EliteWings,JFK,LAX,2475,2026-06-02 11:00:00,2026-06-02 11:10:00,2026-06-02 15:51:00,2026-06-02 16:20:00,10,False,13571.3,310,94
FL1013,DeltaSky,JFK,LAX,2475,2026-06-02 14:00:00,2026-06-02 14:23:00,2026-06-02 18:51:00,2026-06-02 19:00:00,23,False,13175.9,277,106
FL1021,DeltaSky,JFK,ORD,740,2026-06-02 08:00:00,2026-06-02 08:29:00,2026-06-02 09:27:00,2026-06-02 10:24:00,29,False,3984.9,115,126
FL1022,CloudFlight,JFK,ORD,740,2026-06-02 11:00:00,2026-06-02 11:45:00,2026-06-02 12:27:00,2026-06-02 13:01:00,45,False,3736.7,76,137
FL1023,BlueJet,JFK,ORD,740,2026-06-02 14:00:00,2026-06-02 13:53:00,2026-06-02 15:27:00,2026-06-02 15:19:00,0,False,3678.2,86,143
FL1031,CloudFlight,ATL,DFW,732,2026-06-02 08:00:00,2026-06-02 08:19:00,2026-06-02 09:26:00,2026-06-02 10:13:00,19,False,4080.6,114,172
FL1032,CloudFlight,ATL,DFW,732,2026-06-02 11:00:00,2026-06-02 11:24:00,2026-06-02 12:26:00,2026-06-02 12:49:00,24,False,4008.3,85,172
FL1033,AvaAir,ATL,DFW,732,2026-06-02 14:00:00,2026-06-02 14:15:00,2026-06-02 15:26:00,2026-06-02 15:50:00,15,False,3869.2,95,163
FL1041,AvaAir,LAX,ORD,1744,2026-06-02 08:00:00,2026-06-02 08:24:00,2026-06-02 11:25:00,2026-06-02 12:11:00,24,False,8595.6,227,196
FL1042,EliteWings,LAX,ORD,1744,2026-06-02 11:00:00,2026-06-02 10:50:00,2026-06-02 14:25:00,2026-06-02 14:16:00,0,False,8472.3,206,143
FL1043,CloudFlight,LAX,ORD,1744,2026-06-02 14:00:00,2026-06-02 14:47:00,2026-06-02 17:25:00,2026-06-02 18:27:00,47,False,9340.8,220,112
FL1051,AvaAir,ORD,ATL,606,2026-06-02 08:00:00,2026-06-02 08:28:00,2026-06-02 09:11:00,2026-06-02 09:35:00,28,False,3185.6,67,159
FL1052,DeltaSky,ORD,ATL,606,2026-06-02 11:00:00,2026-06-02 11:27:00,2026-06-02 12:11:00,2026-06-02 12:50:00,27,False,3076.5,83,176
FL1053,EliteWings,ORD,ATL,606,2026-06-02 14:00:00,2026-06-02 13:57:00,2026-06-02 15:11:00,2026-06-02 15:25:00,0,False,2946.9,88,182
FL1111,DeltaSky,JFK,LAX,2475,2026-06-03 08:00:00,2026-06-03 08:12:00,2026-06-03 12:51:00,2026-06-03 13:06:00,12,False,13353.7,294,198
FL1112,BlueJet,JFK,LAX,2475,2026-06-03 11:00:00,2026-06-03 11:01:00,2026-06-03 15:51:00,2026-06-03 15:42:00,1,False,13173.5,281,116
FL1113,CloudFlight,JFK,LAX,2475,2026-06-03 14:00:00,2026-06-03 14:10:00,2026-06-03 18:51:00,2026-06-03 19:26:00,10,False,13167.6,316,114
FL1121,DeltaSky,JFK,ORD,740,2026-06-03 08:00:00,2026-06-03 08:04:00,2026-06-03 09:27:00,2026-06-03 09:22:00,4,False,3655.1,78,103
FL1122,DeltaSky,JFK,ORD,740,2026-06-03 11:00:00,2026-06-03 10:50:00,2026-06-03 12:27:00,2026-06-03 12:05:00,0,False,3771.7,75,99
FL1123,DeltaSky,JFK,ORD,740,2026-06-03 14:00:00,2026-06-03 15:07:00,2026-06-03 15:27:00,2026-06-03 16:59:00,67,False,3569.4,112,177
FL1131,BlueJet,ATL,DFW,732,2026-06-03 08:00:00,2026-06-03 08:18:00,2026-06-03 09:26:00,2026-06-03 09:30:00,18,False,3978.0,72,118
FL1132,CloudFlight,ATL,DFW,732,2026-06-03 11:00:00,2026-06-03 11:23:00,2026-06-03 12:26:00,2026-06-03 12:45:00,23,False,3878.4,82,119
FL1133,CloudFlight,ATL,DFW,732,2026-06-03 14:00:00,2026-06-03 13:50:00,2026-06-03 15:26:00,2026-06-03 15:33:00,0,False,3968.0,103,179
FL1141,AvaAir,LAX,ORD,1744,2026-06-03 08:00:00,2026-06-03 08:17:00,2026-06-03 11:25:00,2026-06-03 11:40:00,17,False,9295.7,203,149
FL1142,AvaAir,LAX,ORD,1744,2026-06-03 11:00:00,2026-06-03 11:06:00,2026-06-03 14:25:00,2026-06-03 14:40:00,6,False,8927.9,214,84
FL1143,CloudFlight,LAX,ORD,1744,2026-06-03 14:00:00,2026-06-03 14:31:00,2026-06-03 17:25:00,2026-06-03 18:25:00,31,False,9604.2,234,197
FL1151,EliteWings,ORD,ATL,606,2026-06-03 08:00:00,2026-06-03 08:00:00,2026-06-03 09:11:00,2026-06-03 09:05:00,0,False,3072.2,65,173
FL1152,AvaAir,ORD,ATL,606,2026-06-03 11:00:00,2026-06-03 11:09:00,2026-06-03 12:11:00,2026-06-03 12:16:00,9,False,3031.2,67,197
FL1153,EliteWings,ORD,ATL,606,2026-06-03 14:00:00,2026-06-03 13:52:00,2026-06-03 15:11:00,2026-06-03 15:30:00,0,False,3081.7,98,128
FL1211,EliteWings,JFK,LAX,2475,2026-06-04 08:00:00,2026-06-04 08:23:00,2026-06-04 12:51:00,2026-06-04 12:59:00,23,False,12758.6,276,84
FL1212,AvaAir,JFK,LAX,2475,2026-06-04 11:00:00,2026-06-04 10:54:00,2026-06-04 15:51:00,2026-06-04 16:03:00,0,False,13539.5,309,193
FL1213,CloudFlight,JFK,LAX,2475,2026-06-04 14:00:00,2026-06-04 14:24:00,2026-06-04 18:51:00,2026-06-04 19:11:00,24,False,13723.3,287,125
FL1221,CloudFlight,JFK,ORD,740,2026-06-04 08:00:00,2026-06-04 08:02:00,2026-06-04 09:27:00,2026-06-04 09:14:00,2,False,4109.0,72,132
FL1222,BlueJet,JFK,ORD,740,2026-06-04 11:00:00,2026-06-04 11:27:00,2026-06-04 12:27:00,2026-06-04 12:40:00,27,False,3910.1,73,142
FL1223,AvaAir,JFK,ORD,740,2026-06-04 14:00:00,2026-06-04 14:44:00,2026-06-04 15:27:00,2026-06-04 16:36:00,44,False,4067.5,112,152
FL1231,EliteWings,ATL,DFW,732,2026-06-04 08:00:00,2026-06-04 08:07:00,2026-06-04 09:26:00,2026-06-04 09:51:00,7,False,3961.7,104,181
FL1232,BlueJet,ATL,DFW,732,2026-06-04 11:00:00,2026-06-04 11:02:00,2026-06-04 12:26:00,2026-06-04 12:46:00,2,False,4027.7,104,102
FL1233,AvaAir,ATL,DFW,732,2026-06-04 14:00:00,2026-06-04 14:35:00,2026-06-04 15:26:00,2026-06-04 15:52:00,35,False,3705.9,77,144
FL1241,EliteWings,LAX,ORD,1744,2026-06-04 08:00:00,2026-06-04 08:07:00,2026-06-04 11:25:00,2026-06-04 11:23:00,7,False,8902.0,196,172
FL1242,BlueJet,LAX,ORD,1744,2026-06-04 11:00:00,2026-06-04 10:50:00,2026-06-04 14:25:00,2026-06-04 14:43:00,0,False,9190.3,233,189
FL1243,AvaAir,LAX,ORD,1744,2026-06-04 14:00:00,2026-06-04 14:06:00,2026-06-04 17:25:00,2026-06-04 17:17:00,6,False,8901.1,191,105
FL1251,BlueJet,ORD,ATL,606,2026-06-04 08:00:00,2026-06-04 07:50:00,2026-06-04 09:11:00,2026-06-04 09:28:00,0,False,3255.7,98,100
FL1252,EliteWings,ORD,ATL,606,2026-06-04 11:00:00,2026-06-04 11:15:00,2026-06-04 12:11:00,2026-06-04 12:26:00,15,False,3344.2,71,104
FL1253,CloudFlight,ORD,ATL,606,2026-06-04 14:00:00,2026-06-04 13:51:00,2026-06-04 15:11:00,2026-06-04 14:59:00,0,False,2958.0,68,204
FL1311,AvaAir,JFK,LAX,2475,2026-06-05 08:00:00,2026-06-05 08:39:00,2026-06-05 12:51:00,2026-06-05 13:56:00,39,False,12349.0,317,116
FL1312,BlueJet,JFK,LAX,2475,2026-06-05 11:00:00,2026-06-05 11:31:00,2026-06-05 15:51:00,2026-06-05 16:45:00,31,False,13482.9,314,148
FL1313,DeltaSky,JFK,LAX,2475,2026-06-05 14:00:00,2026-06-05 13:56:00,2026-06-05 18:51:00,2026-06-05 19:06:00,0,False,13588.3,310,198
FL1321,DeltaSky,JFK,ORD,740,2026-06-05 08:00:00,2026-06-05 07:50:00,2026-06-05 09:27:00,2026-06-05 09:36:00,0,False,3674.1,106,90
FL1322,EliteWings,JFK,ORD,740,2026-06-05 11:00:00,2026-06-05 11:14:00,2026-06-05 12:27:00,2026-06-05 12:39:00,14,False,3903.9,85,81
FL1323,EliteWings,JFK,ORD,740,2026-06-05 14:00:00,2026-06-05 14:24:00,2026-06-05 15:27:00,2026-06-05 16:17:00,24,False,3976.8,113,103
FL1331,DeltaSky,ATL,DFW,732,2026-06-05 08:00:00,2026-06-05 07:50:00,2026-06-05 09:26:00,2026-06-05 09:19:00,0,False,3937.8,89,121
FL1332,AvaAir,ATL,DFW,732,2026-06-05 11:00:00,2026-06-05 11:15:00,2026-06-05 12:26:00,2026-06-05 13:02:00,15,False,3862.5,107,152
FL1333,AvaAir,ATL,DFW,732,2026-06-05 14:00:00,2026-06-05 14:16:00,2026-06-05 15:26:00,2026-06-05 15:32:00,16,False,3875.0,76,92
FL1341,EliteWings,LAX,ORD,1744,2026-06-05 08:00:00,2026-06-05 07:59:00,2026-06-05 11:25:00,2026-06-05 11:35:00,0,False,8749.5,216,129
FL1342,EliteWings,LAX,ORD,1744,2026-06-05 11:00:00,2026-06-05 11:12:00,2026-06-05 14:25:00,2026-06-05 15:05:00,12,False,9008.6,233,165
FL1343,DeltaSky,LAX,ORD,1744,2026-06-05 14:00:00,2026-06-05 14:24:00,2026-06-05 17:25:00,2026-06-05 18:03:00,24,False,8455.1,219,123
FL1351,EliteWings,ORD,ATL,606,2026-06-05 08:00:00,2026-06-05 08:47:00,2026-06-05 09:11:00,2026-06-05 09:47:00,47,False,3216.6,60,126
FL1352,DeltaSky,ORD,ATL,606,2026-06-05 11:00:00,2026-06-05 11:15:00,2026-06-05 12:11:00,2026-06-05 12:26:00,15,False,3077.3,71,82
FL1353,DeltaSky,ORD,ATL,606,2026-06-05 14:00:00,2026-06-05 13:50:00,2026-06-05 15:11:00,2026-06-05 15:30:00,0,False,3381.1,100,197
FL1411,BlueJet,JFK,LAX,2475,2026-06-06 08:00:00,2026-06-06 08:13:00,2026-06-06 12:51:00,2026-06-06 13:12:00,13,False,13598.8,299,146
FL1412,AvaAir,JFK,LAX,2475,2026-06-06 11:00:00,2026-06-06 11:10:00,2026-06-06 15:51:00,2026-06-06 15:59:00,10,False,12518.6,289,145
FL1413,BlueJet,JFK,LAX,2475,2026-06-06 14:00:00,2026-06-06 14:04:00,2026-06-06 18:51:00,2026-06-06 18:57:00,4,False,13508.5,293,104
FL1421,DeltaSky,JFK,ORD,740,2026-06-06 08:00:00,2026-06-06 08:02:00,2026-06-06 09:27:00,2026-06-06 09:46:00,2,False,3911.0,104,144
FL1422,CloudFlight,JFK,ORD,740,2026-06-06 11:00:00,2026-06-06 11:37:00,2026-06-06 12:27:00,2026-06-06 12:51:00,37,False,3788.0,74,104
FL1423,EliteWings,JFK,ORD,740,2026-06-06 14:00:00,2026-06-06 14:22:00,2026-06-06 15:27:00,2026-06-06 16:07:00,22,False,3567.3,105,104
FL1431,DeltaSky,ATL,DFW,732,2026-06-06 08:00:00,2026-06-06 08:10:00,2026-06-06 09:26:00,2026-06-06 09:52:00,10,False,3696.2,102,157
FL1432,DeltaSky,ATL,DFW,732,2026-06-06 11:00:00,2026-06-06 11:10:00,2026-06-06 12:26:00,2026-06-06 12:49:00,10,False,4012.2,99,172
FL1433,CloudFlight,ATL,DFW,732,2026-06-06 14:00:00,2026-06-06 14:12:00,2026-06-06 15:26:00,2026-06-06 15:53:00,12,False,3844.1,101,89
FL1441,BlueJet,LAX,ORD,1744,2026-06-06 08:00:00,2026-06-06 08:07:00,2026-06-06 11:25:00,2026-06-06 11:27:00,7,False,8451.8,200,135
FL1442,AvaAir,LAX,ORD,1744,2026-06-06 11:00:00,2026-06-06 11:01:00,2026-06-06 14:25:00,2026-06-06 14:31:00,1,False,9463.2,210,194
FL1443,DeltaSky,LAX,ORD,1744,2026-06-06 14:00:00,2026-06-06 13:50:00,2026-06-06 17:25:00,2026-06-06 17:15:00,0,False,9233.5,205,83
FL1451,BlueJet,ORD,ATL,606,2026-06-06 08:00:00,2026-06-06 07:50:00,2026-06-06 09:11:00,2026-06-06 09:23:00,0,False,2972.2,93,195
FL1452,CloudFlight,ORD,ATL,606,2026-06-06 11:00:00,2026-06-06 11:28:00,2026-06-06 12:11:00,2026-06-06 12:58:00,28,False,3109.6,90,93
FL1453,CloudFlight,ORD,ATL,606,2026-06-06 14:00:00,2026-06-06 14:04:00,2026-06-06 15:11:00,2026-06-06 15:01:00,4,False,3111.7,57,158
FL1511,BlueJet,JFK,LAX,2475,2026-06-07 08:00:00,2026-06-07 07:52:00,2026-06-07 12:51:00,2026-06-07 13:00:00,0,False,13722.0,308,100
FL1512,AvaAir,JFK,LAX,2475,2026-06-07 11:00:00,2026-06-07 11:11:00,2026-06-07 15:51:00,2026-06-07 16:08:00,11,False,13095.6,297,166
FL1513,EliteWings,JFK,LAX,2475,2026-06-07 14:00:00,2026-06-07 14:35:00,2026-06-07 18:51:00,2026-06-07 19:29:00,35,False,13340.1,294,166
FL1521,AvaAir,JFK,ORD,740,2026-06-07 08:00:00,2026-06-07 08:07:00,2026-06-07 09:27:00,2026-06-07 10:01:00,7,False,3594.7,114,96
FL1522,BlueJet,JFK,ORD,740,2026-06-07 11:00:00,2026-06-07 11:13:00,2026-06-07 12:27:00,2026-06-07 12:45:00,13,False,3825.5,92,107
FL1523,BlueJet,JFK,ORD,740,2026-06-07 14:00:00,2026-06-07 13:53:00,2026-06-07 15:27:00,2026-06-07 15:36:00,0,False,3564.4,103,191
FL1531,AvaAir,ATL,DFW,732,2026-06-07 08:00:00,2026-06-07 07:50:00,2026-06-07 09:26:00,2026-06-07 09:31:00,0,False,4085.1,101,128
FL1532,BlueJet,ATL,DFW,732,2026-06-07 11:00:00,2026-06-07 10:57:00,2026-06-07 12:26:00,2026-06-07 12:32:00,0,False,3793.7,95,193
FL1533,DeltaSky,ATL,DFW,732,2026-06-07 14:00:00,2026-06-07 13:57:00,2026-06-07 15:26:00,2026-06-07 15:43:00,0,False,3791.4,106,81
FL1541,DeltaSky,LAX,ORD,1744,2026-06-07 08:00:00,2026-06-07 08:38:00,2026-06-07 11:25:00,2026-06-07 12:19:00,38,False,8589.7,221,89
FL1542,BlueJet,LAX,ORD,1744,2026-06-07 11:00:00,2026-06-07 11:44:00,2026-06-07 14:25:00,2026-06-07 15:33:00,44,False,8684.6,229,138
FL1543,DeltaSky,LAX,ORD,1744,2026-06-07 14:00:00,2026-06-07 13:50:00,2026-06-07 17:25:00,2026-06-07 17:29:00,0,False,8540.7,219,111
FL1551,CloudFlight,ORD,ATL,606,2026-06-07 08:00:00,2026-06-07 08:29:00,2026-06-07 09:11:00,2026-06-07 09:45:00,29,False,3234.3,76,198
FL1552,EliteWings,ORD,ATL,606,2026-06-07 11:00:00,2026-06-07 11:05:00,2026-06-07 12:11:00,2026-06-07 12:21:00,5,False,3016.0,76,205
FL1553,DeltaSky,ORD,ATL,606,2026-06-07 14:00:00,2026-06-07 14:21:00,2026-06-07 15:11:00,2026-06-07 15:56:00,21,False,2934.9,95,165
FL1611,BlueJet,JFK,LAX,2475,2026-06-08 08:00:00,2026-06-08 08:42:00,2026-06-08 12:51:00,2026-06-08 13:44:00,42,False,12583.7,302,92
FL1612,BlueJet,JFK,LAX,2475,2026-06-08 11:00:00,2026-06-08 11:19:00,2026-06-08 15:51:00,2026-06-08 16:30:00,19,False,13386.8,311,133
FL1613,CloudFlight,JFK,LAX,2475,2026-06-08 14:00:00,2026-06-08 14:26:00,2026-06-08 18:51:00,2026-06-08 19:17:00,26,False,13547.1,291,149
FL1621,BlueJet,JFK,ORD,740,2026-06-08 08:00:00,2026-06-08 08:26:00,2026-06-08 09:27:00,2026-06-08 10:14:00,26,False,3770.0,108,204
FL1622,EliteWings,JFK,ORD,740,2026-06-08 11:00:00,2026-06-08 11:33:00,2026-06-08 12:27:00,2026-06-08 13:10:00,33,False,3944.5,97,133
FL1623,BlueJet,JFK,ORD,740,2026-06-08 14:00:00,2026-06-08 14:23:00,2026-06-08 15:27:00,2026-06-08 15:55:00,23,False,3918.8,92,83
FL1631,DeltaSky,ATL,DFW,732,2026-06-08 08:00:00,2026-06-08 08:04:00,2026-06-08 09:26:00,2026-06-08 09:21:00,4,False,3812.3,77,82
FL1632,BlueJet,ATL,DFW,732,2026-06-08 11:00:00,2026-06-08 10:51:00,2026-06-08 12:26:00,2026-06-08 12:17:00,0,False,3842.4,86,199
FL1633,DeltaSky,ATL,DFW,732,2026-06-08 14:00:00,2026-06-08 14:41:00,2026-06-08 15:26:00,2026-06-08 16:22:00,41,False,3996.7,101,128
FL1641,EliteWings,LAX,ORD,1744,2026-06-08 08:00:00,2026-06-08 08:29:00,2026-06-08 11:25:00,2026-06-08 11:57:00,29,False,9411.9,208,137
FL1642,DeltaSky,LAX,ORD,1744,2026-06-08 11:00:00,2026-06-08 11:29:00,2026-06-08 14:25:00,2026-06-08 15:23:00,29,False,8541.9,234,192
FL1643,DeltaSky,LAX,ORD,1744,2026-06-08 14:00:00,2026-06-08 14:24:00,2026-06-08 17:25:00,2026-06-08 17:51:00,24,False,8458.5,207,126
FL1651,DeltaSky,ORD,ATL,606,2026-06-08 08:00:00,2026-06-08 07:54:00,2026-06-08 09:11:00,2026-06-08 09:16:00,0,False,3094.9,82,169
FL1652,BlueJet,ORD,ATL,606,2026-06-08 11:00:00,2026-06-08 11:45:00,2026-06-08 12:11:00,2026-06-08 12:50:00,45,False,2988.9,65,186
FL1653,BlueJet,ORD,ATL,606,2026-06-08 14:00:00,2026-06-08 14:14:00,2026-06-08 15:11:00,2026-06-08 15:28:00,14,False,3322.2,74,148
FL1711,DeltaSky,JFK,LAX,2475,2026-06-09 08:00:00,2026-06-09 07:50:00,2026-06-09 12:51:00,2026-06-09 13:08:00,0,False,13107.0,318,186
FL1712,BlueJet,JFK,LAX,2475,2026-06-09 11:00:00,2026-06-09 11:13:00,2026-06-09 15:51:00,2026-06-09 15:55:00,13,False,13330.2,282,199
FL1713,BlueJet,JFK,LAX,2475,2026-06-09 14:00:00,2026-06-09 13:52:00,2026-06-09 18:51:00,2026-06-09 19:04:00,0,False,13819.5,312,148
FL1721,CloudFlight,JFK,ORD,740,2026-06-09 08:00:00,2026-06-09 07:53:00,2026-06-09 09:27:00,2026-06-09 09:23:00,0,False,4127.4,90,207
FL1722,AvaAir,JFK,ORD,740,2026-06-09 11:00:00,2026-06-09 11:22:00,2026-06-09 12:27:00,2026-06-09 13:14:00,22,False,3641.5,112,206
FL1723,EliteWings,JFK,ORD,740,2026-06-09 14:00:00,2026-06-09 14:23:00,2026-06-09 15:27:00,2026-06-09 15:51:00,23,False,3686.6,88,107
FL1731,AvaAir,ATL,DFW,732,2026-06-09 08:00:00,2026-06-09 08:03:00,2026-06-09 09:26:00,2026-06-09 09:54:00,3,False,3831.9,111,177
FL1732,BlueJet,ATL,DFW,732,2026-06-09 11:00:00,2026-06-09 10:50:00,2026-06-09 12:26:00,2026-06-09 12:02:00,0,False,3784.3,72,191
FL1733,DeltaSky,ATL,DFW,732,2026-06-09 14:00:00,2026-06-09 14:10:00,2026-06-09 15:26:00,2026-06-09 15:59:00,10,False,3550.1,109,117
FL1741,EliteWings,LAX,ORD,1744,2026-06-09 08:00:00,2026-06-09 08:00:00,2026-06-09 11:25:00,2026-06-09 11:41:00,8,True,8601.0,221,206
FL1742,EliteWings,LAX,ORD,1744,2026-06-09 11:00:00,2026-06-09 11:36:00,2026-06-09 14:25:00,2026-06-09 15:07:00,36,False,9291.5,211,195
FL1743,BlueJet,LAX,ORD,1744,2026-06-09 14:00:00,2026-06-09 14:05:00,2026-06-09 17:25:00,2026-06-09 17:42:00,5,False,9149.7,217,145
FL1751,DeltaSky,ORD,ATL,606,2026-06-09 08:00:00,2026-06-09 08:21:00,2026-06-09 09:11:00,2026-06-09 09:19:00,21,False,3170.0,58,85
FL1752,CloudFlight,ORD,ATL,606,2026-06-09 11:00:00,2026-06-09 10:58:00,2026-06-09 12:11:00,2026-06-09 12:36:00,0,False,3122.6,98,90
FL1753,DeltaSky,ORD,ATL,606,2026-06-09 14:00:00,2026-06-09 13:50:00,2026-06-09 15:11:00,2026-06-09 14:55:00,0,False,3293.2,65,164
FL1811,EliteWings,JFK,LAX,2475,2026-06-10 08:00:00,2026-06-10 08:08:00,2026-06-10 12:51:00,2026-06-10 13:10:00,8,False,12988.3,302,176
FL1812,BlueJet,JFK,LAX,2475,2026-06-10 11:00:00,2026-06-10 11:00:00,2026-06-10 15:51:00,2026-06-10 15:55:00,29,True,12295.3,295,88
FL1813,AvaAir,JFK,LAX,2475,2026-06-10 14:00:00,2026-06-10 14:15:00,2026-06-10 18:51:00,2026-06-10 19:34:00,15,False,12812.9,319,187
FL1821,BlueJet,JFK,ORD,740,2026-06-10 08:00:00,2026-06-10 08:35:00,2026-06-10 09:27:00,2026-06-10 10:07:00,35,False,4037.0,92,155
FL1822,AvaAir,JFK,ORD,740,2026-06-10 11:00:00,2026-06-10 10:55:00,2026-06-10 12:27:00,2026-06-10 12:32:00,0,False,3694.0,97,113
FL1823,BlueJet,JFK,ORD,740,2026-06-10 14:00:00,2026-06-10 14:02:00,2026-06-10 15:27:00,2026-06-10 15:31:00,2,False,3915.4,89,102
FL1831,CloudFlight,ATL,DFW,732,2026-06-10 08:00:00,2026-06-10 07:50:00,2026-06-10 09:26:00,2026-06-10 09:11:00,0,False,3885.0,81,204
FL1832,CloudFlight,ATL,DFW,732,2026-06-10 11:00:00,2026-06-10 11:34:00,2026-06-10 12:26:00,2026-06-10 12:46:00,34,False,3915.5,72,126
FL1833,CloudFlight,ATL,DFW,732,2026-06-10 14:00:00,2026-06-10 14:17:00,2026-06-10 15:26:00,2026-06-10 15:35:00,17,False,3920.1,78,126
FL1841,CloudFlight,LAX,ORD,1744,2026-06-10 08:00:00,2026-06-10 08:07:00,2026-06-10 11:25:00,2026-06-10 11:37:00,7,False,9436.0,210,125
FL1842,CloudFlight,LAX,ORD,1744,2026-06-10 11:00:00,2026-06-10 11:18:00,2026-06-10 14:25:00,2026-06-10 14:36:00,18,False,8453.6,198,194
FL1843,CloudFlight,LAX,ORD,1744,2026-06-10 14:00:00,2026-06-10 14:15:00,2026-06-10 17:25:00,2026-06-10 17:51:00,15,False,8526.1,216,199
FL1851,CloudFlight,ORD,ATL,606,2026-06-10 08:00:00,2026-06-10 07:50:00,2026-06-10 09:11:00,2026-06-10 09:20:00,0,False,3382.4,90,157
FL1852,BlueJet,ORD,ATL,606,2026-06-10 11:00:00,2026-06-10 11:01:00,2026-06-10 12:11:00,2026-06-10 12:21:00,1,False,3377.2,80,162
FL1853,AvaAir,ORD,ATL,606,2026-06-10 14:00:00,2026-06-10 14:27:00,2026-06-10 15:11:00,2026-06-10 15:36:00,27,False,3056.5,69,198
FL1911,AvaAir,JFK,LAX,2475,2026-06-11 08:00:00,2026-06-11 08:20:00,2026-06-11 12:51:00,2026-06-11 13:39:00,20,False,13340.4,319,147
FL1912,AvaAir,JFK,LAX,2475,2026-06-11 11:00:00,2026-06-11 11:02:00,2026-06-11 15:51:00,2026-06-11 15:52:00,2,False,12554.8,290,131
FL1913,EliteWings,JFK,LAX,2475,2026-06-11 14:00:00,2026-06-11 14:16:00,2026-06-11 18:51:00,2026-06-11 19:31:00,16,False,13130.0,315,99
FL1921,DeltaSky,JFK,ORD,740,2026-06-11 08:00:00,2026-06-11 08:22:00,2026-06-11 09:27:00,2026-06-11 10:01:00,22,False,3690.6,99,155
FL1922,DeltaSky,JFK,ORD,740,2026-06-11 11:00:00,2026-06-11 11:33:00,2026-06-11 12:27:00,2026-06-11 13:06:00,33,False,4114.7,93,170
FL1923,AvaAir,JFK,ORD,740,2026-06-11 14:00:00,2026-06-11 14:12:00,2026-06-11 15:27:00,2026-06-11 15:29:00,12,False,3553.7,77,140
FL1931,CloudFlight,ATL,DFW,732,2026-06-11 08:00:00,2026-06-11 08:42:00,2026-06-11 09:26:00,2026-06-11 10:18:00,42,False,3595.6,96,203
FL1932,CloudFlight,ATL,DFW,732,2026-06-11 11:00:00,2026-06-11 10:50:00,2026-06-11 12:26:00,2026-06-11 12:35:00,0,False,3775.6,105,163
FL1933,EliteWings,ATL,DFW,732,2026-06-11 14:00:00,2026-06-11 13:50:00,2026-06-11 15:26:00,2026-06-11 15:13:00,0,False,3516.8,83,125
FL1941,CloudFlight,LAX,ORD,1744,2026-06-11 08:00:00,2026-06-11 08:03:00,2026-06-11 11:25:00,2026-06-11 11:54:00,3,False,8433.1,231,88
FL1942,AvaAir,LAX,ORD,1744,2026-06-11 11:00:00,2026-06-11 11:25:00,2026-06-11 14:25:00,2026-06-11 15:15:00,25,False,8530.0,230,130
FL1943,CloudFlight,LAX,ORD,1744,2026-06-11 14:00:00,2026-06-11 14:00:00,2026-06-11 17:25:00,2026-06-11 17:20:00,15,True,8999.9,200,206
FL1951,DeltaSky,ORD,ATL,606,2026-06-11 08:00:00,2026-06-11 08:29:00,2026-06-11 09:11:00,2026-06-11 09:25:00,29,False,3262.6,56,151
FL1952,EliteWings,ORD,ATL,606,2026-06-11 11:00:00,2026-06-11 11:16:00,2026-06-11 12:11:00,2026-06-11 12:44:00,16,False,3257.1,88,87
FL1953,EliteWings,ORD,ATL,606,2026-06-11 14:00:00,2026-06-11 14:21:00,2026-06-11 15:11:00,2026-06-11 15:39:00,21,False,3311.0,78,163
FL2011,AvaAir,JFK,LAX,2475,2026-06-12 08:00:00,2026-06-12 08:00:00,2026-06-12 12:51:00,2026-06-12 12:56:00,60,True,12307.8,296,102
FL2012,DeltaSky,JFK,LAX,2475,2026-06-12 11:00:00,2026-06-12 11:03:00,2026-06-12 15:51:00,2026-06-12 16:16:00,3,False,12647.0,313,186
FL2013,BlueJet,JFK,LAX,2475,2026-06-12 14:00:00,2026-06-12 14:45:00,2026-06-12 18:51:00,2026-06-12 19:58:00,45,False,13048.8,313,187
FL2021,CloudFlight,JFK,ORD,740,2026-06-12 08:00:00,2026-06-12 07:59:00,2026-06-12 09:27:00,2026-06-12 09:13:00,0,False,4059.7,74,158
FL2022,BlueJet,JFK,ORD,740,2026-06-12 11:00:00,2026-06-12 11:05:00,2026-06-12 12:27:00,2026-06-12 12:48:00,5,False,3771.1,103,197
FL2023,BlueJet,JFK,ORD,740,2026-06-12 14:00:00,2026-06-12 14:16:00,2026-06-12 15:27:00,2026-06-12 16:00:00,16,False,3650.8,104,86
FL2031,DeltaSky,ATL,DFW,732,2026-06-12 08:00:00,2026-06-12 08:00:00,2026-06-12 09:26:00,2026-06-12 09:28:00,0,True,3517.5,88,205
FL2032,EliteWings,ATL,DFW,732,2026-06-12 11:00:00,2026-06-12 11:04:00,2026-06-12 12:26:00,2026-06-12 12:52:00,4,False,3824.6,108,195
FL2033,BlueJet,ATL,DFW,732,2026-06-12 14:00:00,2026-06-12 14:39:00,2026-06-12 15:26:00,2026-06-12 16:34:00,39,False,3798.0,115,199
FL2041,CloudFlight,LAX,ORD,1744,2026-06-12 08:00:00,2026-06-12 08:48:00,2026-06-12 11:25:00,2026-06-12 12:00:00,48,False,8560.7,192,186
FL2042,EliteWings,LAX,ORD,1744,2026-06-12 11:00:00,2026-06-12 11:00:00,2026-06-12 14:25:00,2026-06-12 14:24:00,0,True,8774.8,204,201
FL2043,DeltaSky,LAX,ORD,1744,2026-06-12 14:00:00,2026-06-12 14:05:00,2026-06-12 17:25:00,2026-06-12 17:56:00,5,False,8809.2,231,166
FL2051,EliteWings,ORD,ATL,606,2026-06-12 08:00:00,2026-06-12 08:14:00,2026-06-12 09:11:00,2026-06-12 09:38:00,14,False,3203.0,84,205
FL2052,DeltaSky,ORD,ATL,606,2026-06-12 11:00:00,2026-06-12 11:11:00,2026-06-12 12:11:00,2026-06-12 12:51:00,11,False,3384.0,100,128
FL2053,CloudFlight,ORD,ATL,606,2026-06-12 14:00:00,2026-06-12 13:50:00,2026-06-12 15:11:00,2026-06-12 15:08:00,0,False,3081.5,78,177
FL2111,AvaAir,JFK,LAX,2475,2026-06-13 08:00:00,2026-06-13 08:00:00,2026-06-13 12:51:00,2026-06-13 12:55:00,14,True,13616.6,295,91
FL2112,BlueJet,JFK,LAX,2475,2026-06-13 11:00:00,2026-06-13 10:56:00,2026-06-13 15:51:00,2026-06-13 15:37:00,0,False,12853.0,281,154
FL2113,CloudFlight,JFK,LAX,2475,2026-06-13 14:00:00,2026-06-13 14:12:00,2026-06-13 18:51:00,2026-06-13 19:11:00,12,False,12892.3,299,161
FL2121,EliteWings,JFK,ORD,740,2026-06-13 08:00:00,2026-06-13 08:49:00,2026-06-13 09:27:00,2026-06-13 10:07:00,49,False,3834.1,78,152
FL2122,AvaAir,JFK,ORD,740,2026-06-13 11:00:00,2026-06-13 11:00:00,2026-06-13 12:27:00,2026-06-13 12:56:00,0,True,3931.0,116,175
FL2123,EliteWings,JFK,ORD,740,2026-06-13 14:00:00,2026-06-13 13:58:00,2026-06-13 15:27:00,2026-06-13 15:14:00,0,False,4127.1,76,110
FL2131,EliteWings,ATL,DFW,732,2026-06-13 08:00:00,2026-06-13 07:53:00,2026-06-13 09:26:00,2026-06-13 09:35:00,0,False,3531.5,102,146
FL2132,DeltaSky,ATL,DFW,732,2026-06-13 11:00:00,2026-06-13 10:59:00,2026-06-13 12:26:00,2026-06-13 12:25:00,0,False,3984.7,86,114
FL2133,CloudFlight,ATL,DFW,732,2026-06-13 14:00:00,2026-06-13 14:19:00,2026-06-13 15:26:00,2026-06-13 15:59:00,19,False,4097.9,100,87
FL2141,EliteWings,LAX,ORD,1744,2026-06-13 08:00:00,2026-06-13 08:33:00,2026-06-13 11:25:00,2026-06-13 11:55:00,33,False,9518.0,202,206
FL2142,BlueJet,LAX,ORD,1744,2026-06-13 11:00:00,2026-06-13 10:50:00,2026-06-13 14:25:00,2026-06-13 14:34:00,0,False,8516.9,224,102
FL2143,CloudFlight,LAX,ORD,1744,2026-06-13 14:00:00,2026-06-13 13:58:00,2026-06-13 17:25:00,2026-06-13 17:37:00,0,False,8857.9,219,82
FL2151,EliteWings,ORD,ATL,606,2026-06-13 08:00:00,2026-06-13 08:11:00,2026-06-13 09:11:00,2026-06-13 09:19:00,11,False,3247.1,68,124
FL2152,AvaAir,ORD,ATL,606,2026-06-13 11:00:00,2026-06-13 11:12:00,2026-06-13 12:11:00,2026-06-13 12:47:00,12,False,3151.5,95,203
FL2153,BlueJet,ORD,ATL,606,2026-06-13 14:00:00,2026-06-13 14:22:00,2026-06-13 15:11:00,2026-06-13 15:19:00,22,False,3253.1,57,190
FL2211,AvaAir,JFK,LAX,2475,2026-06-14 08:00:00,2026-06-14 08:00:00,2026-06-14 12:51:00,2026-06-14 12:47:00,18,True,12508.8,287,172
FL2212,AvaAir,JFK,LAX,2475,2026-06-14 11:00:00,2026-06-14 11:00:00,2026-06-14 15:51:00,2026-06-14 16:07:00,0,True,12004.1,307,129
FL2213,DeltaSky,JFK,LAX,2475,2026-06-14 14:00:00,2026-06-14 13:50:00,2026-06-14 18:51:00,2026-06-14 18:54:00,0,False,12081.7,304,144
FL2221,CloudFlight,JFK,ORD,740,2026-06-14 08:00:00,2026-06-14 08:04:00,2026-06-14 09:27:00,2026-06-14 09:24:00,4,False,4065.0,80,179
FL2222,AvaAir,JFK,ORD,740,2026-06-14 11:00:00,2026-06-14 10:50:00,2026-06-14 12:27:00,2026-06-14 12:38:00,0,False,3958.7,108,139
FL2223,EliteWings,JFK,ORD,740,2026-06-14 14:00:00,2026-06-14 13:51:00,2026-06-14 15:27:00,2026-06-14 15:12:00,0,False,3974.1,81,92
FL2231,AvaAir,ATL,DFW,732,2026-06-14 08:00:00,2026-06-14 08:01:00,2026-06-14 09:26:00,2026-06-14 09:15:00,1,False,3688.1,74,100
FL2232,DeltaSky,ATL,DFW,732,2026-06-14 11:00:00,2026-06-14 10:58:00,2026-06-14 12:26:00,2026-06-14 12:27:00,0,False,4098.9,89,180
FL2233,BlueJet,ATL,DFW,732,2026-06-14 14:00:00,2026-06-14 13:50:00,2026-06-14 15:26:00,2026-06-14 15:35:00,0,False,3885.1,105,184
FL2241,EliteWings,LAX,ORD,1744,2026-06-14 08:00:00,2026-06-14 08:00:00,2026-06-14 11:25:00,2026-06-14 11:50:00,11,True,8952.3,230,179
FL2242,AvaAir,LAX,ORD,1744,2026-06-14 11:00:00,2026-06-14 11:04:00,2026-06-14 14:25:00,2026-06-14 14:24:00,4,False,9482.1,200,166
FL2243,AvaAir,LAX,ORD,1744,2026-06-14 14:00:00,2026-06-14 14:20:00,2026-06-14 17:25:00,2026-06-14 18:03:00,20,False,8561.8,223,86
FL2251,EliteWings,ORD,ATL,606,2026-06-14 08:00:00,2026-06-14 08:18:00,2026-06-14 09:11:00,2026-06-14 09:57:00,18,False,3239.5,99,133
FL2252,EliteWings,ORD,ATL,606,2026-06-14 11:00:00,2026-06-14 11:01:00,2026-06-14 12:11:00,2026-06-14 12:32:00,1,False,3048.1,91,92
FL2253,EliteWings,ORD,ATL,606,2026-06-14 14:00:00,2026-06-14 13:50:00,2026-06-14 15:11:00,2026-06-14 14:58:00,0,False,3350.5,68,81
FL2311,DeltaSky,JFK,LAX,2475,2026-06-15 08:00:00,2026-06-15 08:14:00,2026-06-15 12:51:00,2026-06-15 12:56:00,14,False,13557.2,282,154
FL2312,CloudFlight,JFK,LAX,2475,2026-06-15 11:00:00,2026-06-15 11:18:00,2026-06-15 15:51:00,2026-06-15 16:38:00,18,False,12479.8,320,177
FL2313,DeltaSky,JFK,LAX,2475,2026-06-15 14:00:00,2026-06-15 14:32:00,2026-06-15 18:51:00,2026-06-15 19:20:00,32,False,12818.1,288,83
FL2321,AvaAir,JFK,ORD,740,2026-06-15 08:00:00,2026-06-15 08:21:00,2026-06-15 09:27:00,2026-06-15 10:13:00,21,False,3685.4,112,185
FL2322,BlueJet,JFK,ORD,740,2026-06-15 11:00:00,2026-06-15 11:12:00,2026-06-15 12:27:00,2026-06-15 12:48:00,12,False,3738.6,96,162
FL2323,DeltaSky,JFK,ORD,740,2026-06-15 14:00:00,2026-06-15 14:17:00,2026-06-15 15:27:00,2026-06-15 15:59:00,17,False,3932.5,102,144
FL2331,DeltaSky,ATL,DFW,732,2026-06-15 08:00:00,2026-06-15 08:05:00,2026-06-15 09:26:00,2026-06-15 09:53:00,5,False,3829.1,108,105
FL2332,CloudFlight,ATL,DFW,732,2026-06-15 11:00:00,2026-06-15 10:57:00,2026-06-15 12:26:00,2026-06-15 12:45:00,0,False,3959.3,108,140
FL2333,BlueJet,ATL,DFW,732,2026-06-15 14:00:00,2026-06-15 14:49:00,2026-06-15 15:26:00,2026-06-15 16:04:00,49,False,3833.8,75,125
FL2341,DeltaSky,LAX,ORD,1744,2026-06-15 08:00:00,2026-06-15 08:01:00,2026-06-15 11:25:00,2026-06-15 11:39:00,1,False,9623.6,218,187
FL2342,EliteWings,LAX,ORD,1744,2026-06-15 11:00:00,2026-06-15 11:10:00,2026-06-15 14:25:00,2026-06-15 14:30:00,10,False,9106.8,200,174
FL2343,BlueJet,LAX,ORD,1744,2026-06-15 14:00:00,2026-06-15 14:12:00,2026-06-15 17:25:00,2026-06-15 17:46:00,12,False,9199.3,214,134
FL2351,BlueJet,ORD,ATL,606,2026-06-15 08:00:00,2026-06-15 08:17:00,2026-06-15 09:11:00,2026-06-15 09:30:00,17,False,2915.7,73,187
FL2352,BlueJet,ORD,ATL,606,2026-06-15 11:00:00,2026-06-15 11:19:00,2026-06-15 12:11:00,2026-06-15 12:27:00,19,False,3140.0,68,175
FL2353,AvaAir,ORD,ATL,606,2026-06-15 14:00:00,2026-06-15 14:12:00,2026-06-15 15:11:00,2026-06-15 15:37:00,12,False,3131.0,85,160
FL2411,BlueJet,JFK,LAX,2475,2026-06-16 08:00:00,2026-06-16 08:10:00,2026-06-16 12:51:00,2026-06-16 13:02:00,10,False,13845.0,292,172
FL2412,BlueJet,JFK,LAX,2475,2026-06-16 11:00:00,2026-06-16 11:00:00,2026-06-16 15:51:00,2026-06-16 16:02:00,0,False,13180.1,302,193
FL2413,AvaAir,JFK,LAX,2475,2026-06-16 14:00:00,2026-06-16 14:20:00,2026-06-16 18:51:00,2026-06-16 18:56:00,20,False,12173.4,276,147
FL2421,CloudFlight,JFK,ORD,740,2026-06-16 08:00:00,2026-06-16 08:23:00,2026-06-16 09:27:00,2026-06-16 09:45:00,23,False,3805.1,82,155
FL2422,BlueJet,JFK,ORD,740,2026-06-16 11:00:00,2026-06-16 10:58:00,2026-06-16 12:27:00,2026-06-16 12:16:00,0,False,4080.4,78,102
FL2423,BlueJet,JFK,ORD,740,2026-06-16 14:00:00,2026-06-16 14:29:00,2026-06-16 15:27:00,2026-06-16 15:55:00,29,False,3673.2,86,120
FL2431,DeltaSky,ATL,DFW,732,2026-06-16 08:00:00,2026-06-16 08:00:00,2026-06-16 09:26:00,2026-06-16 09:37:00,25,True,3686.5,97,208
FL2432,CloudFlight,ATL,DFW,732,2026-06-16 11:00:00,2026-06-16 10:50:00,2026-06-16 12:26:00,2026-06-16 12:24:00,0,False,4003.1,94,103
FL2433,EliteWings,ATL,DFW,732,2026-06-16 14:00:00,2026-06-16 14:31:00,2026-06-16 15:26:00,2026-06-16 16:04:00,31,False,3679.0,93,102
FL2441,EliteWings,LAX,ORD,1744,2026-06-16 08:00:00,2026-06-16 08:03:00,2026-06-16 11:25:00,2026-06-16 11:43:00,3,False,9439.3,220,136
FL2442,EliteWings,LAX,ORD,1744,2026-06-16 11:00:00,2026-06-16 11:00:00,2026-06-16 14:25:00,2026-06-16 14:19:00,0,False,8795.3,199,82
FL2443,DeltaSky,LAX,ORD,1744,2026-06-16 14:00:00,2026-06-16 14:14:00,2026-06-16 17:25:00,2026-06-16 17:45:00,14,False,9720.1,211,117
FL2451,BlueJet,ORD,ATL,606,2026-06-16 08:00:00,2026-06-16 08:26:00,2026-06-16 09:11:00,2026-06-16 09:34:00,26,False,3055.7,68,180
FL2452,CloudFlight,ORD,ATL,606,2026-06-16 11:00:00,2026-06-16 11:36:00,2026-06-16 12:11:00,2026-06-16 12:58:00,36,False,2996.8,82,205
FL2453,AvaAir,ORD,ATL,606,2026-06-16 14:00:00,2026-06-16 13:50:00,2026-06-16 15:11:00,2026-06-16 15:06:00,0,False,3093.4,76,110
FL2511,EliteWings,JFK,LAX,2475,2026-06-17 08:00:00,2026-06-17 08:03:00,2026-06-17 12:51:00,2026-06-17 12:50:00,3,False,13755.2,287,144
FL2512,DeltaSky,JFK,LAX,2475,2026-06-17 11:00:00,2026-06-17 11:08:00,2026-06-17 15:51:00,2026-06-17 16:15:00,8,False,12641.0,307,162
FL2513,BlueJet,JFK,LAX,2475,2026-06-17 14:00:00,2026-06-17 13:50:00,2026-06-17 18:51:00,2026-06-17 19:00:00,0,False,13099.5,310,138
FL2521,CloudFlight,JFK,ORD,740,2026-06-17 08:00:00,2026-06-17 08:45:00,2026-06-17 09:27:00,2026-06-17 10:36:00,45,False,3806.3,111,106
FL2522,EliteWings,JFK,ORD,740,2026-06-17 11:00:00,2026-06-17 11:12:00,2026-06-17 12:27:00,2026-06-17 13:03:00,12,False,4121.2,111,159
FL2523,CloudFlight,JFK,ORD,740,2026-06-17 14:00:00,2026-06-17 14:03:00,2026-06-17 15:27:00,2026-06-17 15:36:00,3,False,3848.9,93,151
FL2531,BlueJet,ATL,DFW,732,2026-06-17 08:00:00,2026-06-17 07:57:00,2026-06-17 09:26:00,2026-06-17 09:10:00,0,False,4001.3,73,162
FL2532,AvaAir,ATL,DFW,732,2026-06-17 11:00:00,2026-06-17 10:50:00,2026-06-17 12:26:00,2026-06-17 12:33:00,0,False,3525.2,103,132
FL2533,DeltaSky,ATL,DFW,732,2026-06-17 14:00:00,2026-06-17 14:24:00,2026-06-17 15:26:00,2026-06-17 16:01:00,24,False,3877.4,97,176
FL2541,BlueJet,LAX,ORD,1744,2026-06-17 08:00:00,2026-06-17 08:30:00,2026-06-17 11:25:00,2026-06-17 12:12:00,30,False,8975.0,222,98
FL2542,DeltaSky,LAX,ORD,1744,2026-06-17 11:00:00,2026-06-17 11:08:00,2026-06-17 14:25:00,2026-06-17 14:19:00,8,False,9741.4,191,163
FL2543,EliteWings,LAX,ORD,1744,2026-06-17 14:00:00,2026-06-17 14:32:00,2026-06-17 17:25:00,2026-06-17 18:00:00,32,False,8512.6,208,108
FL2551,AvaAir,ORD,ATL,606,2026-06-17 08:00:00,2026-06-17 08:38:00,2026-06-17 09:11:00,2026-06-17 09:43:00,38,False,3384.1,65,141
FL2552,DeltaSky,ORD,ATL,606,2026-06-17 11:00:00,2026-06-17 10:50:00,2026-06-17 12:11:00,2026-06-17 11:50:00,0,False,3104.5,60,161
FL2553,AvaAir,ORD,ATL,606,2026-06-17 14:00:00,2026-06-17 14:13:00,2026-06-17 15:11:00,2026-06-17 15:49:00,13,False,3076.8,96,150
FL2611,DeltaSky,JFK,LAX,2475,2026-06-18 08:00:00,2026-06-18 08:21:00,2026-06-18 12:51:00,2026-06-18 13:18:00,21,False,13268.3,297,104
FL2612,AvaAir,JFK,LAX,2475,2026-06-18 11:00:00,2026-06-18 11:00:00,2026-06-18 15:51:00,2026-06-18 15:36:00,18,True,12643.5,276,86
FL2613,AvaAir,JFK,LAX,2475,2026-06-18 14:00:00,2026-06-18 14:06:00,2026-06-18 18:51:00,2026-06-18 19:17:00,6,False,13542.8,311,185
FL2621,AvaAir,JFK,ORD,740,2026-06-18 08:00:00,2026-06-18 07:50:00,2026-06-18 09:27:00,2026-06-18 09:07:00,0,False,3846.8,77,106
FL2622,DeltaSky,JFK,ORD,740,2026-06-18 11:00:00,2026-06-18 10:57:00,2026-06-18 12:27:00,2026-06-18 12:33:00,0,False,4061.9,96,172
FL2623,BlueJet,JFK,ORD,740,2026-06-18 14:00:00,2026-06-18 14:09:00,2026-06-18 15:27:00,2026-06-18 15:47:00,9,False,4141.8,98,171
FL2631,EliteWings,ATL,DFW,732,2026-06-18 08:00:00,2026-06-18 08:40:00,2026-06-18 09:26:00,2026-06-18 10:10:00,40,False,3567.1,90,192
FL2632,DeltaSky,ATL,DFW,732,2026-06-18 11:00:00,2026-06-18 11:35:00,2026-06-18 12:26:00,2026-06-18 13:17:00,35,False,3521.6,102,142
FL2633,CloudFlight,ATL,DFW,732,2026-06-18 14:00:00,2026-06-18 13:55:00,2026-06-18 15:26:00,2026-06-18 15:38:00,0,False,3861.9,103,173
FL2641,BlueJet,LAX,ORD,1744,2026-06-18 08:00:00,2026-06-18 07:50:00,2026-06-18 11:25:00,2026-06-18 11:09:00,0,False,9494.5,199,98
FL2642,BlueJet,LAX,ORD,1744,2026-06-18 11:00:00,2026-06-18 10:50:00,2026-06-18 14:25:00,2026-06-18 14:02:00,0,False,9087.8,192,199
FL2643,CloudFlight,LAX,ORD,1744,2026-06-18 14:00:00,2026-06-18 14:11:00,2026-06-18 17:25:00,2026-06-18 17:28:00,11,False,9446.5,197,152
FL2651,AvaAir,ORD,ATL,606,2026-06-18 08:00:00,2026-06-18 08:22:00,2026-06-18 09:11:00,2026-06-18 09:45:00,22,False,3342.9,83,161
FL2652,BlueJet,ORD,ATL,606,2026-06-18 11:00:00,2026-06-18 11:01:00,2026-06-18 12:11:00,2026-06-18 12:17:00,1,False,3214.3,76,186
FL2653,EliteWings,ORD,ATL,606,2026-06-18 14:00:00,2026-06-18 14:30:00,2026-06-18 15:11:00,2026-06-18 16:08:00,30,False,3288.9,98,97
FL2711,EliteWings,JFK,LAX,2475,2026-06-19 08:00:00,2026-06-19 08:19:00,2026-06-19 12:51:00,2026-06-19 13:39:00,19,False,12527.0,320,185
FL2712,CloudFlight,JFK,LAX,2475,2026-06-19 11:00:00,2026-06-19 10:56:00,2026-06-19 15:51:00,2026-06-19 15:40:00,0,False,13521.2,284,118
FL2713,BlueJet,JFK,LAX,2475,2026-06-19 14:00:00,2026-06-19 13:59:00,2026-06-19 18:51:00,2026-06-19 18:39:00,0,False,13631.1,280,155
FL2721,AvaAir,JFK,ORD,740,2026-06-19 08:00:00,2026-06-19 08:19:00,2026-06-19 09:27:00,2026-06-19 09:52:00,19,False,3646.9,93,166
FL2722,EliteWings,JFK,ORD,740,2026-06-19 11:00:00,2026-06-19 11:22:00,2026-06-19 12:27:00,2026-06-19 12:56:00,22,False,3649.8,94,183
FL2723,AvaAir,JFK,ORD,740,2026-06-19 14:00:00,2026-06-19 14:13:00,2026-06-19 15:27:00,2026-06-19 15:54:00,13,False,3756.4,101,205
FL2731,CloudFlight,ATL,DFW,732,2026-06-19 08:00:00,2026-06-19 08:32:00,2026-06-19 09:26:00,2026-06-19 10:24:00,32,False,3655.0,112,194
FL2732,CloudFlight,ATL,DFW,732,2026-06-19 11:00:00,2026-06-19 11:13:00,2026-06-19 12:26:00,2026-06-19 12:37:00,13,False,3710.2,84,205
FL2733,CloudFlight,ATL,DFW,732,2026-06-19 14:00:00,2026-06-19 13:50:00,2026-06-19 15:26:00,2026-06-19 15:08:00,0,False,3839.7,78,112
FL2741,AvaAir,LAX,ORD,1744,2026-06-19 08:00:00,2026-06-19 08:36:00,2026-06-19 11:25:00,2026-06-19 12:27:00,36,False,8655.4,231,177
FL2742,BlueJet,LAX,ORD,1744,2026-06-19 11:00:00,2026-06-19 10:50:00,2026-06-19 14:25:00,2026-06-19 14:00:00,0,False,8402.1,190,127
FL2743,BlueJet,LAX,ORD,1744,2026-06-19 14:00:00,2026-06-19 13:56:00,2026-06-19 17:25:00,2026-06-19 17:29:00,0,False,9085.9,213,92
FL2751,BlueJet,ORD,ATL,606,2026-06-19 08:00:00,2026-06-19 08:16:00,2026-06-19 09:11:00,2026-06-19 09:14:00,16,False,3155.0,58,132
FL2752,EliteWings,ORD,ATL,606,2026-06-19 11:00:00,2026-06-19 11:21:00,2026-06-19 12:11:00,2026-06-19 12:19:00,21,False,3213.5,58,105
FL2753,DeltaSky,ORD,ATL,606,2026-06-19 14:00:00,2026-06-19 14:36:00,2026-06-19 15:11:00,2026-06-19 15:56:00,36,False,3246.8,80,135
FL2811,CloudFlight,JFK,LAX,2475,2026-06-20 08:00:00,2026-06-20 08:00:00,2026-06-20 12:51:00,2026-06-20 12:39:00,0,False,12611.6,279,154
FL2812,CloudFlight,JFK,LAX,2475,2026-06-20 11:00:00,2026-06-20 10:51:00,2026-06-20 15:51:00,2026-06-20 16:09:00,0,False,12630.9,318,209
FL2813,EliteWings,JFK,LAX,2475,2026-06-20 14:00:00,2026-06-20 14:00:00,2026-06-20 18:51:00,2026-06-20 19:09:00,8,True,12085.3,309,127
FL2821,AvaAir,JFK,ORD,740,2026-06-20 08:00:00,2026-06-20 08:49:00,2026-06-20 09:27:00,2026-06-20 10:08:00,49,False,3897.6,79,180
FL2822,CloudFlight,JFK,ORD,740,2026-06-20 11:00:00,2026-06-20 10:50:00,2026-06-20 12:27:00,2026-06-20 12:18:00,0,False,3949.3,88,123
FL2823,DeltaSky,JFK,ORD,740,2026-06-20 14:00:00,2026-06-20 14:17:00,2026-06-20 15:27:00,2026-06-20 15:35:00,17,False,3667.4,78,100
FL2831,BlueJet,ATL,DFW,732,2026-06-20 08:00:00,2026-06-20 08:26:00,2026-06-20 09:26:00,2026-06-20 09:58:00,26,False,3693.3,92,92
FL2832,CloudFlight,ATL,DFW,732,2026-06-20 11:00:00,2026-06-20 11:17:00,2026-06-20 12:26:00,2026-06-20 12:43:00,17,False,3622.2,86,209
FL2833,AvaAir,ATL,DFW,732,2026-06-20 14:00:00,2026-06-20 14:27:00,2026-06-20 15:26:00,2026-06-20 15:52:00,27,False,3856.0,85,194
FL2841,AvaAir,LAX,ORD,1744,2026-06-20 08:00:00,2026-06-20 08:09:00,2026-06-20 11:25:00,2026-06-20 11:36:00,9,False,8750.6,207,117
FL2842,EliteWings,LAX,ORD,1744,2026-06-20 11:00:00,2026-06-20 11:51:00,2026-06-20 14:25:00,2026-06-20 15:01:00,51,False,9523.5,190,201
FL2843,DeltaSky,LAX,ORD,1744,2026-06-20 14:00:00,2026-06-20 14:21:00,2026-06-20 17:25:00,2026-06-20 17:57:00,21,False,9520.5,216,153
FL2851,DeltaSky,ORD,ATL,606,2026-06-20 08:00:00,2026-06-20 08:30:00,2026-06-20 09:11:00,2026-06-20 09:48:00,30,False,3283.9,78,163
FL2852,AvaAir,ORD,ATL,606,2026-06-20 11:00:00,2026-06-20 11:21:00,2026-06-20 12:11:00,2026-06-20 12:44:00,21,False,3133.7,83,101
FL2853,AvaAir,ORD,ATL,606,2026-06-20 14:00:00,2026-06-20 14:00:00,2026-06-20 15:11:00,2026-06-20 15:01:00,18,True,3344.1,61,183
FL2911,AvaAir,JFK,LAX,2475,2026-06-21 08:00:00,2026-06-21 07:50:00,2026-06-21 12:51:00,2026-06-21 12:44:00,0,False,12017.3,294,108
FL2912,AvaAir,JFK,LAX,2475,2026-06-21 11:00:00,2026-06-21 11:05:00,2026-06-21 15:51:00,2026-06-21 16:23:00,5,False,12333.2,318,166
FL2913,DeltaSky,JFK,LAX,2475,2026-06-21 14:00:00,2026-06-21 14:40:00,2026-06-21 18:51:00,2026-06-21 19:49:00,40,False,12924.8,309,138
FL2921,DeltaSky,JFK,ORD,740,2026-06-21 08:00:00,2026-06-21 07:50:00,2026-06-21 09:27:00,2026-06-21 09:43:00,0,False,4108.4,113,93
FL2922,EliteWings,JFK,ORD,740,2026-06-21 11:00:00,2026-06-21 11:00:00,2026-06-21 12:27:00,2026-06-21 12:22:00,0,True,3951.5,82,134
FL2923,AvaAir,JFK,ORD,740,2026-06-21 14:00:00,2026-06-21 14:00:00,2026-06-21 15:27:00,2026-06-21 15:36:00,15,True,3593.3,96,162
FL2931,DeltaSky,ATL,DFW,732,2026-06-21 08:00:00,2026-06-21 08:23:00,2026-06-21 09:26:00,2026-06-21 09:40:00,23,False,3755.9,77,183
FL2932,BlueJet,ATL,DFW,732,2026-06-21 11:00:00,2026-06-21 11:04:00,2026-06-21 12:26:00,2026-06-21 12:43:00,4,False,3524.8,99,191
FL2933,DeltaSky,ATL,DFW,732,2026-06-21 14:00:00,2026-06-21 14:00:00,2026-06-21 15:26:00,2026-06-21 15:53:00,44,True,3780.0,113,99
FL2941,EliteWings,LAX,ORD,1744,2026-06-21 08:00:00,2026-06-21 08:12:00,2026-06-21 11:25:00,2026-06-21 11:51:00,12,False,8585.6,219,116
FL2942,DeltaSky,LAX,ORD,1744,2026-06-21 11:00:00,2026-06-21 11:22:00,2026-06-21 14:25:00,2026-06-21 14:33:00,22,False,8480.8,191,154
FL2943,EliteWings,LAX,ORD,1744,2026-06-21 14:00:00,2026-06-21 14:00:00,2026-06-21 17:25:00,2026-06-21 17:17:00,0,True,8961.8,197,207
FL2951,CloudFlight,ORD,ATL,606,2026-06-21 08:00:00,2026-06-21 08:32:00,2026-06-21 09:11:00,2026-06-21 09:43:00,32,False,3011.2,71,124
FL2952,CloudFlight,ORD,ATL,606,2026-06-21 11:00:00,2026-06-21 11:33:00,2026-06-21 12:11:00,2026-06-21 12:37:00,33,False,3006.0,64,116
FL2953,AvaAir,ORD,ATL,606,2026-06-21 14:00:00,2026-06-21 14:02:00,2026-06-21 15:11:00,2026-06-21 15:28:00,2,False,3134.2,86,174
